date,produit_id,categorie,prix_unitaire,quantite,region,client_id,montant_total
2023-01-01,7,Meuble,37.56,2,Centre,336,75.12
2023-01-02,20,Vetement,64.03,2,Ouest,153,128.06
2023-01-03,15,Meuble,70.62,2,Sud,237,141.24
2023-01-04,11,Vetement,52.17,2,Nord,432,104.34
2023-01-05,8,Electronique,59.25,5,Est,371,296.25
2023-01-06,7,Vetement,92.36,3,Centre,140,277.08
2023-01-07,19,Vetement,26.55,2,Est,197,53.1
2023-01-08,11,Alimentation,25.33,2,Nord,282,50.66
2023-01-09,11,Vetement,63.9,2,Centre,227,127.8
2023-01-10,4,Vetement,88.93,3,Est,328,266.79
2023-01-11,8,Electronique,44.79,1,Nord,416,44.79
2023-01-12,3,Alimentation,84.54,6,Est,185,507.24
2023-01-13,2,Sport,51.93,4,Sud,355,207.72
2023-01-14,12,Electronique,36.38,6,Nord,308,218.28000000000003
2023-01-15,6,Electronique,30.19,2,Est,314,60.38
2023-01-16,2,Sport,62.59,5,Sud,473,312.95000000000005
2023-01-17,1,Vetement,31.7,2,Sud,199,63.4
2023-01-18,12,Meuble,51.63,3,Nord,148,154.89000000000001
2023-01-19,12,Alimentation,81.67,6,Ouest,300,490.02
2023-01-20,17,Meuble,43.86,6,Centre,357,263.15999999999997
2023-01-21,10,Sport,76.28,5,Nord,475,381.4
2023-01-22,16,Electronique,25.71,4,Sud,277,102.84
2023-01-23,15,Electronique,39.32,3,Sud,344,117.96000000000001
2023-01-24,15,Alimentation,21.86,1,Nord,222,21.86
2023-01-25,19,Electronique,51.46,4,Ouest,441,205.84
2023-01-26,12,Electronique,65.6,3,Centre,270,196.79999999999998
2023-01-27,20,Alimentation,51.5,4,Est,432,206.0
2023-01-28,3,Alimentation,74.54,2,Nord,235,149.08
2023-01-29,5,Sport,35.02,2,Centre,158,70.04
2023-01-30,19,Electronique,54.51,4,Centre,292,218.04
2023-01-31,7,Electronique,39.45,4,Sud,367,157.8
2023-02-01,9,Sport,57.23,1,Est,359,57.23
2023-02-02,7,Vetement,60.07,2,Nord,472,120.14
2023-02-03,18,Vetement,61.65,4,Sud,194,246.6
2023-02-04,4,Vetement,28.59,2,Sud,224,57.18
2023-02-05,14,Sport,32.21,3,Ouest,140,96.63
2023-02-06,18,Electronique,35.91,5,Centre,478,179.54999999999998
2023-02-07,9,Sport,45.22,2,Nord,353,90.44
2023-02-08,2,Sport,51.74,2,Nord,106,103.48
2023-02-09,20,Vetement,64.16,2,Nord,315,128.32
2023-02-10,15,Meuble,33.04,2,Sud,168,66.08
2023-02-11,7,Electronique,17.98,4,Ouest,168,71.92
2023-02-12,12,Vetement,93.11,2,Est,180,186.22
2023-02-13,8,Meuble,27.37,2,Sud,129,54.74
2023-02-14,15,Meuble,66.73,3,Est,172,200.19
2023-02-15,3,Alimentation,50.63,2,Ouest,361,101.26
2023-02-16,14,Electronique,55.03,2,Centre,188,110.06
2023-02-17,17,Meuble,49.97,2,Nord,307,99.94
2023-02-18,4,Vetement,42.3,5,Est,312,211.5
2023-02-19,18,Alimentation,59.28,4,Sud,421,237.12
2023-02-20,8,Electronique,41.23,4,Est,365,164.92
2023-02-21,4,Sport,73.33,4,Centre,499,293.32
2023-02-22,2,Vetement,61.37,4,Nord,392,245.48
2023-02-23,6,Meuble,61.99,4,Est,306,247.96
2023-02-24,10,Meuble,39.86,0,Centre,432,0.0
2023-02-25,4,Vetement,45.27,1,Sud,176,45.27
2023-02-26,18,Meuble,26.24,4,Ouest,387,104.96
2023-02-27,12,Alimentation,42.94,1,Sud,146,42.94
2023-02-28,2,Electronique,29.27,4,Nord,209,117.08
2023-03-01,10,Alimentation,76.26,1,Sud,299,76.26
2023-03-02,4,Meuble,51.01,2,Sud,309,102.02
2023-03-03,14,Sport,53.41,2,Sud,475,106.82
2023-03-04,16,Electronique,45.5,1,Sud,253,45.5
2023-03-05,15,Electronique,53.95,4,Nord,109,215.8
2023-03-06,8,Vetement,99.3,7,Centre,452,695.1
2023-03-07,14,Vetement,44.0,3,Est,256,132.0
2023-03-08,8,Sport,36.99,4,Ouest,360,147.96
2023-03-09,16,Electronique,60.59,5,Est,176,302.95000000000005
2023-03-10,13,Sport,5.0,3,Est,356,15.0
2023-03-11,18,Vetement,51.28,2,Ouest,230,102.56
2023-03-12,15,Vetement,42.57,3,Nord,166,127.71000000000001
2023-03-13,13,Electronique,30.15,2,Ouest,327,60.3
2023-03-14,9,Alimentation,60.16,2,Nord,262,120.32
2023-03-15,15,Meuble,51.08,4,Est,114,204.32
2023-03-16,13,Vetement,13.95,1,Nord,331,13.95
2023-03-17,1,Vetement,37.07,5,Centre,294,185.35
2023-03-18,7,Alimentation,5.0,2,Ouest,448,10.0
2023-03-19,9,Alimentation,55.87,3,Centre,129,167.60999999999999
2023-03-20,1,Sport,55.67,6,Est,458,334.02
2023-03-21,12,Sport,34.13,3,Ouest,437,102.39000000000001
2023-03-22,8,Meuble,60.8,3,Est,430,182.39999999999998
2023-03-23,11,Meuble,24.35,7,Centre,415,170.45000000000002
2023-03-24,19,Electronique,30.67,3,Est,395,92.01
2023-03-25,17,Sport,58.34,1,Ouest,429,58.34
2023-03-26,8,Vetement,36.23,0,Ouest,319,0.0
2023-03-27,3,Sport,48.75,3,Est,476,146.25
2023-03-28,3,Vetement,38.73,1,Ouest,246,38.73
2023-03-29,1,Alimentation,41.78,2,Ouest,358,83.56
2023-03-30,5,Sport,42.66,1,Est,391,42.66
2023-03-31,10,Alimentation,35.86,3,Centre,398,107.58
2023-04-01,7,Meuble,56.05,1,Ouest,242,56.05
2023-04-02,9,Meuble,37.44,2,Ouest,334,74.88
2023-04-03,7,Electronique,50.31,4,Ouest,214,201.24
2023-04-04,9,Sport,35.43,3,Ouest,464,106.28999999999999
2023-04-05,8,Alimentation,19.31,4,Est,189,77.24
2023-04-06,12,Vetement,68.25,2,Centre,307,136.5
2023-04-07,2,Meuble,59.99,2,Centre,263,119.98
2023-04-08,1,Meuble,95.77,3,Nord,183,287.31
2023-04-09,16,Vetement,29.12,1,Ouest,176,29.12
2023-04-10,5,Alimentation,45.82,2,Ouest,260,91.64
2023-04-11,3,Alimentation,47.43,4,Nord,104,189.72
2023-04-12,12,Sport,69.79,6,Centre,177,418.74
2023-04-13,8,Sport,39.86,4,Sud,190,159.44
2023-04-14,3,Electronique,26.58,1,Sud,186,26.58
2023-04-15,1,Meuble,74.16,4,Centre,369,296.64
2023-04-16,3,Sport,43.67,4,Ouest,203,174.68
2023-04-17,5,Alimentation,67.57,1,Sud,438,67.57
2023-04-18,15,Vetement,65.24,5,Est,274,326.2
2023-04-19,14,Alimentation,49.4,2,Est,153,98.8
2023-04-20,3,Meuble,46.51,1,Nord,487,46.51
2023-04-21,1,Alimentation,42.17,4,Centre,310,168.68
2023-04-22,5,Electronique,49.7,3,Centre,194,149.10000000000002
2023-04-23,14,Meuble,67.26,3,Sud,322,201.78000000000003
2023-04-24,7,Vetement,34.07,6,Ouest,108,204.42000000000002
2023-04-25,9,Electronique,52.18,4,Centre,152,208.72
2023-04-26,15,Meuble,27.63,9,Sud,176,248.67
2023-04-27,15,Vetement,30.12,3,Sud,305,90.36
2023-04-28,10,Electronique,49.38,2,Centre,415,98.76
2023-04-29,13,Electronique,10.8,3,Sud,401,32.400000000000006
2023-04-30,19,Meuble,91.21,2,Nord,409,182.42
2023-05-01,7,Sport,26.14,5,Nord,429,130.7
2023-05-02,17,Electronique,49.2,4,Centre,211,196.8
2023-05-03,20,Electronique,73.36,3,Ouest,450,220.07999999999998
2023-05-04,4,Vetement,32.74,5,Nord,264,163.70000000000002
2023-05-05,5,Alimentation,3.95,3,Nord,378,11.850000000000001
2023-05-06,7,Meuble,41.1,1,Centre,126,41.1
2023-05-07,13,Meuble,32.5,3,Est,169,97.5
2023-05-08,15,Sport,4.47,7,Sud,317,31.29
2023-05-09,11,Sport,55.7,3,Nord,464,167.10000000000002
2023-05-10,4,Meuble,54.14,2,Est,288,108.28
2023-05-11,13,Sport,72.85,5,Ouest,432,364.25
2023-05-12,7,Vetement,27.58,2,Est,405,55.16
2023-05-13,19,Meuble,18.02,4,Centre,223,72.08
2023-05-14,2,Sport,41.87,1,Ouest,118,41.87
2023-05-15,10,Meuble,48.23,3,Ouest,356,144.69
2023-05-16,13,Alimentation,68.43,8,Est,395,547.44
2023-05-17,6,Electronique,78.21,3,Centre,121,234.63
2023-05-18,12,Meuble,74.29,5,Nord,467,371.45000000000005
2023-05-19,12,Electronique,55.53,6,Est,139,333.18
2023-05-20,20,Sport,65.99,5,Nord,137,329.95
2023-05-21,11,Electronique,37.19,4,Est,147,148.76
2023-05-22,7,Meuble,53.37,3,Nord,282,160.10999999999999
2023-05-23,1,Alimentation,26.17,4,Est,174,104.68
2023-05-24,1,Sport,51.25,0,Ouest,308,0.0
2023-05-25,20,Meuble,51.77,8,Sud,282,414.16
2023-05-26,13,Sport,84.44,2,Ouest,206,168.88
2023-05-27,9,Vetement,45.42,4,Nord,287,181.68
2023-05-28,3,Electronique,51.8,0,Centre,363,0.0
2023-05-29,7,Vetement,54.74,1,Ouest,185,54.74
2023-05-30,6,Meuble,40.9,7,Sud,423,286.3
2023-05-31,8,Alimentation,33.95,4,Nord,430,135.8
2023-06-01,9,Sport,75.98,5,Ouest,236,379.90000000000003
2023-06-02,5,Electronique,30.38,1,Est,445,30.38
2023-06-03,1,Sport,23.44,5,Centre,485,117.2
2023-06-04,19,Meuble,63.61,1,Nord,435,63.61
2023-06-05,10,Sport,73.16,2,Ouest,194,146.32
2023-06-06,12,Electronique,40.97,1,Nord,425,40.97
2023-06-07,15,Meuble,41.28,4,Est,344,165.12
2023-06-08,9,Sport,55.65,3,Sud,189,166.95
2023-06-09,20,Alimentation,35.84,1,Ouest,158,35.84
2023-06-10,17,Meuble,34.37,3,Nord,127,103.10999999999999
2023-06-11,17,Meuble,67.59,2,Nord,171,135.18
2023-06-12,20,Alimentation,62.14,2,Nord,369,124.28
2023-06-13,12,Vetement,76.22,1,Sud,123,76.22
2023-06-14,7,Electronique,24.95,3,Nord,211,74.85
2023-06-15,2,Vetement,39.95,2,Centre,399,79.9
2023-06-16,3,Sport,55.62,3,Centre,155,166.85999999999999
2023-06-17,17,Alimentation,31.49,3,Nord,322,94.47
2023-06-18,5,Vetement,62.83,5,Centre,219,314.15
2023-06-19,17,Meuble,74.49,6,Ouest,278,446.93999999999994
2023-06-20,17,Sport,38.33,3,Centre,387,114.99
2023-06-21,17,Sport,50.77,5,Nord,380,253.85000000000002
2023-06-22,2,Vetement,79.11,2,Est,471,158.22
2023-06-23,2,Vetement,85.99,2,Ouest,288,171.98
2023-06-24,5,Alimentation,64.92,4,Sud,165,259.68
2023-06-25,1,Electronique,61.87,3,Nord,397,185.60999999999999
2023-06-26,1,Vetement,32.93,2,Sud,348,65.86
2023-06-27,19,Vetement,57.18,1,Est,175,57.18
2023-06-28,2,Meuble,61.14,5,Sud,236,305.7
2023-06-29,12,Sport,45.79,3,Nord,263,137.37
2023-06-30,6,Electronique,38.1,4,Nord,332,152.4
2023-07-01,4,Meuble,24.37,1,Est,354,24.37
2023-07-02,11,Alimentation,15.25,3,Nord,393,45.75
2023-07-03,17,Alimentation,11.04,4,Est,269,44.16
2023-07-04,6,Vetement,61.59,2,Est,416,123.18
2023-07-05,5,Vetement,52.95,2,Nord,273,105.9
2023-07-06,20,Alimentation,40.32,2,Centre,444,80.64
2023-07-07,2,Vetement,43.37,4,Est,117,173.48
2023-07-08,6,Electronique,54.21,5,Nord,169,271.05
2023-07-09,11,Vetement,46.71,2,Centre,437,93.42
2023-07-10,16,Sport,23.19,2,Est,215,46.38
2023-07-11,16,Vetement,68.26,4,Centre,179,273.04
2023-07-12,1,Meuble,56.08,0,Ouest,114,0.0
2023-07-13,9,Electronique,55.32,3,Ouest,275,165.96
2023-07-14,6,Meuble,66.75,0,Centre,368,0.0
2023-07-15,16,Meuble,33.73,2,Est,218,67.46
2023-07-16,3,Sport,74.27,2,Nord,398,148.54
2023-07-17,20,Electronique,47.2,1,Sud,287,47.2
2023-07-18,4,Electronique,67.77,4,Nord,156,271.08
2023-07-19,19,Electronique,64.69,5,Sud,298,323.45
2023-07-20,3,Electronique,29.22,1,Sud,116,29.22
2023-07-21,19,Electronique,60.06,4,Est,387,240.24
2023-07-22,20,Sport,56.53,0,Centre,154,0.0
2023-07-23,7,Vetement,50.61,6,Nord,368,303.65999999999997
2023-07-24,20,Meuble,48.11,5,Centre,402,240.55
2023-07-25,9,Electronique,48.28,1,Ouest,186,48.28
2023-07-26,1,Vetement,66.25,5,Est,417,331.25
2023-07-27,8,Vetement,61.56,1,Est,128,61.56
2023-07-28,7,Meuble,50.61,4,Ouest,121,202.44
2023-07-29,18,Sport,20.16,2,Nord,420,40.32
2023-07-30,8,Alimentation,59.89,1,Ouest,384,59.89
2023-07-31,1,Alimentation,64.47,3,Nord,147,193.41
2023-08-01,11,Vetement,96.01,3,Sud,104,288.03000000000003
2023-08-02,18,Meuble,71.51,6,Est,349,429.06000000000006
2023-08-03,10,Alimentation,12.02,0,Nord,262,0.0
2023-08-04,3,Vetement,51.57,3,Centre,301,154.71
2023-08-05,7,Sport,86.23,5,Centre,200,431.15000000000003
2023-08-06,16,Alimentation,62.47,1,Est,170,62.47
2023-08-07,16,Vetement,56.57,3,Ouest,262,169.71
2023-08-08,20,Vetement,68.0,4,Ouest,272,272.0
2023-08-09,17,Electronique,37.55,2,Nord,240,75.1
2023-08-10,2,Sport,59.56,3,Ouest,237,178.68
2023-08-11,1,Electronique,44.99,7,Est,165,314.93
2023-08-12,16,Meuble,49.61,1,Nord,297,49.61
2023-08-13,12,Electronique,66.57,3,Sud,427,199.70999999999998
2023-08-14,5,Electronique,31.47,3,Ouest,327,94.41
2023-08-15,5,Alimentation,75.76,1,Ouest,380,75.76
2023-08-16,9,Vetement,41.54,1,Nord,271,41.54
2023-08-17,9,Sport,55.21,2,Centre,415,110.42
2023-08-18,3,Electronique,21.99,2,Ouest,139,43.98
2023-08-19,19,Sport,64.4,6,Est,106,386.40000000000003
2023-08-20,16,Electronique,78.93,1,Ouest,273,78.93
2023-08-21,16,Meuble,39.71,3,Sud,250,119.13
2023-08-22,3,Electronique,27.8,3,Ouest,310,83.4
2023-08-23,20,Alimentation,55.56,4,Centre,401,222.24
2023-08-24,1,Vetement,79.1,2,Ouest,185,158.2
2023-08-25,20,Meuble,21.0,3,Nord,496,63.0
2023-08-26,11,Electronique,27.87,4,Ouest,352,111.48
2023-08-27,17,Sport,40.92,2,Centre,120,81.84
2023-08-28,8,Meuble,33.59,3,Nord,356,100.77000000000001
2023-08-29,4,Meuble,33.66,2,Est,478,67.32
2023-08-30,6,Electronique,8.12,4,Nord,480,32.48
2023-08-31,8,Meuble,61.78,1,Sud,132,61.78
2023-09-01,20,Sport,56.77,3,Nord,359,170.31
2023-09-02,3,Meuble,16.02,5,Est,333,80.1
2023-09-03,16,Sport,79.14,2,Ouest,102,158.28
2023-09-04,3,Electronique,83.62,4,Nord,446,334.48
2023-09-05,18,Vetement,34.98,2,Nord,407,69.96
2023-09-06,14,Meuble,73.33,1,Nord,326,73.33
2023-09-07,18,Vetement,38.54,3,Nord,383,115.62
2023-09-08,2,Sport,53.62,4,Est,169,214.48
2023-09-09,3,Meuble,33.28,7,Centre,412,232.96
2023-09-10,16,Alimentation,94.29,4,Centre,463,377.16
2023-09-11,9,Vetement,44.08,6,Nord,353,264.48
2023-09-12,4,Meuble,52.53,4,Est,243,210.12
2023-09-13,1,Vetement,36.24,1,Est,123,36.24
2023-09-14,4,Meuble,87.23,1,Nord,333,87.23
2023-09-15,1,Electronique,87.73,7,Sud,432,614.11
2023-09-16,14,Vetement,82.62,4,Nord,274,330.48
2023-09-17,16,Alimentation,69.13,3,Sud,431,207.39
2023-09-18,20,Alimentation,37.5,3,Nord,424,112.5
2023-09-19,8,Sport,66.56,3,Sud,456,199.68
2023-09-20,7,Meuble,49.86,3,Sud,258,149.57999999999998
2023-09-21,3,Vetement,76.25,1,Nord,447,76.25
2023-09-22,17,Sport,72.32,1,Sud,447,72.32
2023-09-23,1,Vetement,37.01,3,Ouest,385,111.03
2023-09-24,16,Meuble,68.96,0,Centre,117,0.0
2023-09-25,12,Alimentation,63.64,3,Est,143,190.92000000000002
2023-09-26,19,Electronique,5.0,3,Sud,254,15.0
2023-09-27,14,Alimentation,66.02,0,Sud,454,0.0
2023-09-28,6,Sport,41.36,2,Est,476,82.72
2023-09-29,6,Electronique,32.28,1,Sud,330,32.28
2023-09-30,13,Sport,33.13,2,Est,470,66.26
2023-10-01,19,Meuble,47.3,4,Nord,415,189.2
2023-10-02,8,Electronique,59.6,4,Ouest,324,238.4
2023-10-03,2,Sport,22.69,1,Ouest,316,22.69
2023-10-04,1,Meuble,53.8,3,Centre,155,161.39999999999998
2023-10-05,15,Alimentation,61.54,3,Sud,130,184.62
2023-10-06,1,Meuble,87.24,2,Centre,456,174.48
2023-10-07,5,Vetement,28.47,2,Nord,158,56.94
2023-10-08,16,Meuble,43.01,3,Ouest,479,129.03
2023-10-09,19,Meuble,55.23,2,Nord,485,110.46
2023-10-10,4,Vetement,72.95,3,Nord,452,218.85000000000002
2023-10-11,3,Sport,43.92,2,Sud,334,87.84
2023-10-12,17,Sport,73.97,1,Nord,206,73.97
2023-10-13,17,Meuble,11.25,0,Ouest,290,0.0
2023-10-14,12,Vetement,24.93,3,Centre,117,74.78999999999999
2023-10-15,14,Vetement,56.97,4,Ouest,325,227.88
2023-10-16,6,Alimentation,21.78,4,Sud,266,87.12
2023-10-17,3,Sport,26.51,3,Ouest,170,79.53
2023-10-18,9,Electronique,39.44,3,Est,461,118.32
2023-10-19,5,Sport,65.43,6,Centre,153,392.58000000000004
2023-10-20,17,Sport,12.08,4,Est,344,48.32
2023-10-21,14,Alimentation,53.41,4,Est,449,213.64
2023-10-22,3,Electronique,70.66,5,Sud,175,353.29999999999995
2023-10-23,1,Alimentation,46.1,1,Nord,134,46.1
2023-10-24,20,Electronique,42.62,4,Est,366,170.48
2023-10-25,1,Meuble,58.04,2,Ouest,416,116.08
2023-10-26,3,Electronique,46.16,4,Nord,399,184.64
2023-10-27,18,Alimentation,77.81,5,Ouest,220,389.05
2023-10-28,10,Sport,27.77,2,Ouest,423,55.54
2023-10-29,3,Electronique,48.97,4,Nord,124,195.88
2023-10-30,8,Electronique,54.11,1,Nord,259,54.11
2023-10-31,14,Vetement,42.43,2,Ouest,183,84.86
2023-11-01,18,Sport,5.0,4,Sud,213,20.0
2023-11-02,15,Meuble,46.78,1,Centre,322,46.78
2023-11-03,2,Alimentation,68.0,1,Centre,487,68.0
2023-11-04,10,Meuble,65.56,0,Sud,265,0.0
2023-11-05,2,Sport,57.1,3,Nord,290,171.3
2023-11-06,17,Electronique,28.04,3,Ouest,274,84.12
2023-11-07,8,Electronique,57.91,4,Centre,100,231.64
2023-11-08,1,Sport,38.53,2,Ouest,486,77.06
2023-11-09,9,Electronique,57.07,3,Sud,328,171.21
2023-11-10,11,Electronique,52.43,6,Ouest,185,314.58
2023-11-11,16,Electronique,30.47,2,Sud,161,60.94
2023-11-12,7,Alimentation,32.15,2,Nord,419,64.3
2023-11-13,10,Alimentation,57.1,2,Sud,481,114.2
2023-11-14,3,Vetement,45.58,4,Sud,305,182.32
2023-11-15,18,Meuble,33.19,1,Centre,204,33.19
2023-11-16,13,Sport,31.54,4,Ouest,417,126.16
2023-11-17,7,Sport,43.92,3,Centre,390,131.76
2023-11-18,4,Sport,81.36,3,Est,349,244.07999999999998
2023-11-19,13,Vetement,39.48,5,Sud,112,197.39999999999998
2023-11-20,20,Alimentation,49.72,3,Est,262,149.16
2023-11-21,1,Vetement,52.03,1,Centre,142,52.03
2023-11-22,8,Sport,27.38,1,Ouest,485,27.38
2023-11-23,14,Meuble,14.74,3,Centre,210,44.22
2023-11-24,16,Electronique,29.47,5,Ouest,304,147.35
2023-11-25,14,Alimentation,54.94,4,Ouest,483,219.76
2023-11-26,12,Alimentation,51.75,2,Nord,355,103.5
2023-11-27,19,Vetement,64.05,7,Sud,406,448.34999999999997
2023-11-28,15,Alimentation,51.93,0,Centre,243,0.0
2023-11-29,2,Sport,47.81,4,Ouest,245,191.24
2023-11-30,2,Sport,37.92,2,Centre,490,75.84
2023-12-01,19,Vetement,67.69,3,Centre,400,203.07
2023-12-02,17,Sport,31.62,1,Ouest,263,31.62
2023-12-03,20,Meuble,27.79,3,Est,268,83.37
2023-12-04,10,Vetement,61.34,1,Sud,397,61.34
2023-12-05,6,Meuble,23.34,3,Sud,332,70.02
2023-12-06,15,Electronique,98.3,6,Nord,490,589.8
2023-12-07,11,Meuble,51.6,3,Nord,370,154.8
2023-12-08,5,Electronique,56.96,2,Nord,159,113.92
2023-12-09,1,Electronique,33.83,1,Sud,395,33.83
2023-12-10,8,Meuble,43.69,4,Est,334,174.76
2023-12-11,12,Vetement,41.46,4,Sud,264,165.84
2023-12-12,12,Sport,39.16,3,Sud,293,117.47999999999999
2023-12-13,5,Sport,62.66,1,Sud,333,62.66
2023-12-14,7,Electronique,41.01,4,Sud,467,164.04
2023-12-15,4,Electronique,70.35,2,Est,282,140.7
2023-12-16,6,Vetement,103.26,4,Nord,432,413.04
2023-12-17,13,Alimentation,44.09,1,Centre,331,44.09
2023-12-18,20,Meuble,53.05,5,Nord,460,265.25
2023-12-19,15,Electronique,57.59,3,Nord,206,172.77
2023-12-20,3,Sport,86.23,1,Centre,477,86.23
2023-12-21,8,Vetement,48.35,2,Sud,322,96.7
2023-12-22,20,Meuble,33.42,1,Est,179,33.42
2023-12-23,16,Vetement,24.67,5,Est,333,123.35000000000001
2023-12-24,13,Meuble,48.84,1,Nord,480,48.84
2023-12-25,18,Meuble,41.03,3,Centre,283,123.09
2023-12-26,10,Electronique,90.2,2,Ouest,284,180.4
2023-12-27,19,Vetement,85.4,3,Sud,233,256.20000000000005
2023-12-28,17,Vetement,29.31,2,Nord,319,58.62
2023-12-29,19,Sport,35.78,5,Est,387,178.9
2023-12-30,5,Sport,51.48,4,Centre,463,205.92
2023-12-31,9,Electronique,77.94,5,Centre,301,389.7
2024-01-01,12,Electronique,51.14,2,Nord,469,102.28
2024-01-02,1,Alimentation,37.06,3,Ouest,245,111.18
2024-01-03,1,Sport,48.82,2,Est,423,97.64
2024-01-04,15,Meuble,37.43,1,Nord,226,37.43
2024-01-05,2,Vetement,62.05,3,Ouest,234,186.14999999999998
2024-01-06,16,Electronique,35.82,1,Centre,213,35.82
2024-01-07,8,Vetement,39.79,7,Sud,363,278.53
2024-01-08,13,Vetement,73.24,6,Est,163,439.43999999999994
2024-01-09,1,Alimentation,34.63,3,Est,234,103.89000000000001
2024-01-10,16,Sport,21.08,4,Ouest,140,84.32
2024-01-11,7,Electronique,51.9,1,Nord,395,51.9
2024-01-12,5,Vetement,42.79,1,Centre,102,42.79
2024-01-13,3,Electronique,60.23,2,Ouest,293,120.46
2024-01-14,12,Meuble,56.35,3,Sud,209,169.05
2024-01-15,16,Alimentation,49.36,3,Sud,320,148.07999999999998
2024-01-16,19,Meuble,48.78,1,Sud,469,48.78
2024-01-17,5,Electronique,35.28,4,Ouest,467,141.12
2024-01-18,14,Electronique,51.67,1,Centre,103,51.67
2024-01-19,5,Sport,67.63,3,Est,343,202.89
2024-01-20,15,Vetement,30.53,3,Nord,489,91.59
2024-01-21,17,Vetement,49.89,1,Est,265,49.89
2024-01-22,14,Meuble,70.77,2,Centre,125,141.54
2024-01-23,20,Alimentation,60.11,4,Est,494,240.44
2024-01-24,5,Vetement,76.19,2,Ouest,116,152.38
2024-01-25,12,Sport,38.64,0,Sud,315,0.0
2024-01-26,16,Meuble,13.38,4,Centre,191,53.52
2024-01-27,16,Meuble,54.01,0,Centre,130,0.0
2024-01-28,7,Sport,57.25,2,Est,304,114.5
2024-01-29,4,Alimentation,77.37,5,Ouest,499,386.85
2024-01-30,1,Sport,73.76,1,Est,306,73.76
2024-01-31,5,Alimentation,60.73,5,Est,206,303.65
2024-02-01,10,Sport,65.31,4,Centre,245,261.24
2024-02-02,5,Sport,46.16,4,Est,466,184.64
2024-02-03,4,Electronique,25.62,3,Sud,200,76.86
2024-02-04,2,Meuble,52.35,6,Est,467,314.1
2024-02-05,20,Sport,69.65,2,Sud,417,139.3
2024-02-06,10,Sport,63.13,4,Centre,467,252.52
2024-02-07,19,Vetement,66.68,2,Ouest,340,133.36
2024-02-08,1,Meuble,41.44,5,Sud,346,207.2
2024-02-09,5,Vetement,44.69,3,Ouest,262,134.07
2024-02-10,13,Meuble,59.67,3,Ouest,471,179.01
2024-02-11,4,Vetement,39.07,3,Sud,272,117.21000000000001
2024-02-12,16,Sport,39.69,1,Centre,134,39.69
2024-02-13,16,Sport,55.96,3,Nord,383,167.88
2024-02-14,2,Electronique,65.22,6,Ouest,458,391.32
2024-02-15,17,Vetement,46.01,3,Ouest,480,138.03
2024-02-16,20,Alimentation,26.74,1,Centre,457,26.74
2024-02-17,12,Electronique,35.28,3,Centre,492,105.84
2024-02-18,18,Vetement,54.07,3,Est,498,162.21
2024-02-19,3,Vetement,53.83,2,Centre,120,107.66
2024-02-20,1,Electronique,54.82,3,Ouest,407,164.46
2024-02-21,1,Sport,60.43,0,Sud,262,0.0
2024-02-22,19,Vetement,50.12,8,Nord,196,400.96
2024-02-23,11,Sport,55.3,1,Est,406,55.3
2024-02-24,5,Electronique,49.1,1,Sud,438,49.1
2024-02-25,12,Sport,72.97,3,Nord,154,218.91
2024-02-26,3,Meuble,78.65,2,Nord,432,157.3
2024-02-27,1,Alimentation,26.22,2,Nord,226,52.44
2024-02-28,1,Vetement,44.89,3,Sud,292,134.67000000000002
2024-02-29,8,Alimentation,50.65,4,Est,342,202.6
2024-03-01,10,Sport,44.66,3,Est,448,133.98
2024-03-02,11,Vetement,85.86,7,Nord,187,601.02
2024-03-03,12,Sport,54.48,3,Sud,435,163.44
2024-03-04,13,Meuble,33.89,3,Nord,314,101.67
2024-03-05,12,Electronique,61.93,3,Centre,191,185.79
2024-03-06,14,Vetement,55.42,5,Est,402,277.1
2024-03-07,2,Meuble,56.08,5,Ouest,334,280.4
2024-03-08,19,Meuble,86.16,4,Nord,283,344.64
2024-03-09,18,Vetement,57.02,4,Centre,137,228.08
2024-03-10,3,Sport,43.93,2,Est,238,87.86
2024-03-11,17,Meuble,10.89,6,Sud,294,65.34
2024-03-12,8,Alimentation,46.69,3,Est,114,140.07
2024-03-13,10,Meuble,76.12,2,Sud,356,152.24
2024-03-14,2,Sport,48.18,6,Sud,234,289.08
2024-03-15,19,Sport,5.2,4,Nord,100,20.8
2024-03-16,9,Alimentation,40.03,3,Nord,148,120.09
2024-03-17,7,Meuble,69.85,3,Est,195,209.54999999999998
2024-03-18,4,Sport,60.92,6,Centre,300,365.52
2024-03-19,18,Vetement,33.2,4,Est,125,132.8
2024-03-20,13,Electronique,38.69,2,Ouest,442,77.38
2024-03-21,11,Electronique,41.79,1,Sud,334,41.79
2024-03-22,4,Electronique,36.75,3,Sud,448,110.25
2024-03-23,4,Meuble,9.41,4,Nord,343,37.64
2024-03-24,10,Alimentation,65.27,5,Centre,457,326.34999999999997
2024-03-25,5,Sport,75.14,6,Nord,426,450.84000000000003
2024-03-26,9,Vetement,19.63,2,Ouest,495,39.26
2024-03-27,3,Vetement,74.88,4,Est,450,299.52
2024-03-28,17,Meuble,47.94,4,Est,473,191.76
2024-03-29,3,Electronique,74.5,0,Centre,474,0.0
2024-03-30,16,Meuble,50.76,4,Nord,150,203.04
2024-03-31,4,Alimentation,52.71,5,Nord,180,263.55
2024-04-01,18,Alimentation,57.45,2,Ouest,135,114.9
2024-04-02,17,Sport,34.2,5,Est,166,171.0
2024-04-03,7,Sport,73.89,4,Nord,228,295.56
2024-04-04,5,Alimentation,27.57,5,Centre,469,137.85
2024-04-05,12,Alimentation,41.96,2,Est,254,83.92
2024-04-06,17,Alimentation,60.49,2,Ouest,344,120.98
2024-04-07,13,Meuble,39.82,0,Centre,210,0.0
2024-04-08,3,Alimentation,65.55,4,Sud,267,262.2
2024-04-09,9,Vetement,77.52,1,Ouest,241,77.52
2024-04-10,17,Electronique,70.25,2,Centre,455,140.5
2024-04-11,17,Alimentation,11.28,3,Nord,296,33.839999999999996
2024-04-12,20,Electronique,52.52,2,Sud,208,105.04
2024-04-13,16,Meuble,70.57,2,Ouest,475,141.14
2024-04-14,13,Electronique,23.67,1,Nord,178,23.67
2024-04-15,19,Meuble,64.47,3,Sud,489,193.41
2024-04-16,17,Vetement,63.35,4,Est,260,253.4
2024-04-17,4,Meuble,25.76,6,Nord,118,154.56
2024-04-18,12,Meuble,66.68,3,Centre,226,200.04000000000002
2024-04-19,9,Sport,55.45,2,Ouest,304,110.9
2024-04-20,19,Alimentation,63.01,3,Sud,128,189.03
2024-04-21,12,Alimentation,30.67,1,Nord,306,30.67
2024-04-22,9,Vetement,53.0,2,Est,379,106.0
2024-04-23,7,Vetement,15.9,1,Ouest,250,15.9
2024-04-24,14,Alimentation,4.46,3,Ouest,339,13.379999999999999
2024-04-25,20,Sport,52.82,4,Nord,365,211.28
2024-04-26,19,Alimentation,72.01,2,Est,281,144.02
2024-04-27,15,Sport,55.06,2,Sud,204,110.12
2024-04-28,16,Vetement,48.73,3,Nord,335,146.19
2024-04-29,5,Electronique,46.25,2,Sud,272,92.5
2024-04-30,3,Vetement,31.15,2,Ouest,257,62.3
2024-05-01,12,Vetement,45.56,3,Sud,271,136.68
2024-05-02,20,Meuble,58.43,1,Est,410,58.43
2024-05-03,4,Meuble,41.3,6,Centre,256,247.79999999999998
2024-05-04,16,Meuble,65.01,2,Est,357,130.02
2024-05-05,7,Meuble,53.92,2,Sud,263,107.84
2024-05-06,13,Sport,56.34,2,Nord,246,112.68
2024-05-07,10,Alimentation,67.77,4,Ouest,490,271.08
2024-05-08,7,Electronique,39.46,1,Centre,253,39.46
2024-05-09,14,Vetement,63.19,2,Nord,466,126.38
2024-05-10,5,Sport,42.27,4,Nord,137,169.08
2024-05-11,3,Electronique,56.79,3,Est,230,170.37
2024-05-12,11,Sport,37.08,3,Sud,457,111.24
2024-05-13,11,Sport,31.79,3,Est,354,95.37
2024-05-14,18,Vetement,51.84,6,Sud,307,311.04
2024-05-15,15,Alimentation,12.3,3,Est,194,36.900000000000006
2024-05-16,12,Meuble,44.07,3,Nord,447,132.21
2024-05-17,9,Alimentation,17.87,1,Ouest,426,17.87
2024-05-18,10,Vetement,65.58,2,Sud,270,131.16
2024-05-19,12,Vetement,71.0,4,Centre,349,284.0
2024-05-20,17,Vetement,32.72,3,Centre,289,98.16
2024-05-21,6,Electronique,58.57,3,Nord,298,175.71
2024-05-22,7,Alimentation,67.98,2,Est,320,135.96
2024-05-23,14,Alimentation,68.05,3,Est,123,204.14999999999998
2024-05-24,13,Sport,54.29,1,Nord,343,54.29
2024-05-25,8,Sport,64.69,2,Centre,423,129.38
2024-05-26,10,Sport,37.01,2,Centre,227,74.02
2024-05-27,9,Vetement,51.66,3,Est,192,154.98
2024-05-28,18,Alimentation,40.66,5,Sud,399,203.29999999999998
2024-05-29,2,Vetement,35.32,3,Ouest,232,105.96000000000001
2024-05-30,5,Electronique,50.72,6,Sud,154,304.32
2024-05-31,5,Sport,56.95,2,Centre,257,113.9
2024-06-01,6,Vetement,73.27,5,Sud,128,366.34999999999997
2024-06-02,19,Vetement,55.3,6,Ouest,310,331.79999999999995
2024-06-03,8,Electronique,62.84,6,Sud,253,377.04
2024-06-04,16,Meuble,63.07,3,Sud,392,189.21
2024-06-05,13,Alimentation,103.75,4,Sud,321,415.0
2024-06-06,1,Meuble,13.8,3,Sud,214,41.400000000000006
2024-06-07,20,Sport,36.24,2,Nord,257,72.48
2024-06-08,17,Vetement,79.48,5,Centre,358,397.40000000000003
2024-06-09,7,Electronique,42.96,4,Ouest,350,171.84
2024-06-10,13,Electronique,67.72,2,Centre,221,135.44
2024-06-11,4,Alimentation,54.6,0,Nord,398,0.0
2024-06-12,4,Meuble,92.1,0,Nord,362,0.0
2024-06-13,6,Alimentation,27.74,5,Nord,480,138.7
2024-06-14,19,Vetement,74.44,6,Nord,148,446.64
2024-06-15,12,Alimentation,84.99,1,Sud,476,84.99
2024-06-16,7,Electronique,29.71,2,Centre,428,59.42
2024-06-17,10,Electronique,65.66,5,Est,396,328.29999999999995
2024-06-18,19,Sport,30.69,4,Ouest,461,122.76
2024-06-19,7,Sport,50.6,3,Nord,176,151.8
2024-06-20,3,Vetement,44.87,2,Centre,226,89.74
2024-06-21,13,Meuble,1.94,0,Nord,296,0.0
2024-06-22,13,Alimentation,58.48,4,Nord,320,233.92
2024-06-23,18,Vetement,52.87,5,Nord,190,264.34999999999997
2024-06-24,20,Sport,79.58,2,Nord,107,159.16
2024-06-25,8,Alimentation,62.22,3,Nord,131,186.66
2024-06-26,9,Sport,95.82,7,Ouest,419,670.74
2024-06-27,7,Alimentation,52.14,5,Centre,493,260.7
2024-06-28,1,Meuble,47.89,3,Nord,368,143.67000000000002
2024-06-29,3,Vetement,46.31,1,Nord,290,46.31
2024-06-30,13,Alimentation,41.21,3,Nord,448,123.63
2024-07-01,17,Electronique,5.84,4,Nord,262,23.36
2024-07-02,1,Electronique,45.6,1,Sud,160,45.6
2024-07-03,6,Alimentation,8.64,3,Sud,363,25.92
2024-07-04,6,Alimentation,59.04,3,Est,384,177.12
2024-07-05,12,Alimentation,25.2,4,Nord,194,100.8
2024-07-06,13,Electronique,32.11,1,Est,140,32.11
2024-07-07,13,Electronique,36.61,2,Ouest,248,73.22
2024-07-08,15,Alimentation,45.9,3,Est,303,137.7
2024-07-09,16,Sport,50.14,2,Centre,366,100.28
2024-07-10,11,Sport,71.69,1,Sud,101,71.69
2024-07-11,5,Meuble,38.45,1,Sud,277,38.45
2024-07-12,4,Vetement,59.6,3,Nord,293,178.8
2024-07-13,3,Sport,104.62,0,Nord,486,0.0
2024-07-14,19,Electronique,57.55,3,Ouest,435,172.64999999999998
2024-07-15,20,Sport,46.39,1,Ouest,295,46.39
2024-07-16,18,Meuble,34.42,1,Centre,442,34.42
2024-07-17,15,Meuble,46.11,7,Nord,348,322.77
2024-07-18,9,Vetement,32.28,3,Nord,311,96.84
2024-07-19,17,Sport,55.37,2,Ouest,252,110.74
2024-07-20,14,Electronique,52.07,4,Ouest,257,208.28
2024-07-21,15,Electronique,6.76,4,Ouest,461,27.04
2024-07-22,1,Alimentation,49.63,0,Sud,238,0.0
2024-07-23,3,Electronique,71.52,3,Est,320,214.56
2024-07-24,16,Vetement,42.02,3,Est,372,126.06
2024-07-25,11,Vetement,36.94,7,Nord,253,258.58
2024-07-26,12,Electronique,22.45,3,Sud,348,67.35
2024-07-27,10,Electronique,12.84,2,Ouest,378,25.68
2024-07-28,16,Alimentation,66.63,4,Nord,403,266.52
2024-07-29,8,Electronique,46.37,2,Sud,375,92.74
2024-07-30,6,Alimentation,65.44,2,Centre,101,130.88
2024-07-31,12,Alimentation,80.63,3,Sud,187,241.89
2024-08-01,8,Electronique,68.42,0,Nord,386,0.0
2024-08-02,4,Meuble,39.15,0,Est,229,0.0
2024-08-03,8,Meuble,52.9,3,Ouest,177,158.7
2024-08-04,18,Alimentation,37.7,4,Centre,359,150.8
2024-08-05,5,Electronique,35.83,6,Sud,340,214.98
2024-08-06,9,Meuble,56.86,4,Nord,240,227.44
2024-08-07,4,Electronique,33.35,2,Nord,327,66.7
2024-08-08,17,Electronique,5.82,2,Ouest,262,11.64
2024-08-09,9,Electronique,32.24,8,Nord,335,257.92
2024-08-10,1,Sport,43.86,4,Nord,227,175.44
2024-08-11,20,Electronique,80.43,3,Ouest,299,241.29000000000002
2024-08-12,13,Sport,40.18,1,Centre,489,40.18
2024-08-13,16,Alimentation,60.24,2,Est,130,120.48
2024-08-14,13,Meuble,46.63,1,Est,237,46.63
2024-08-15,14,Meuble,74.53,3,Sud,120,223.59
2024-08-16,3,Meuble,73.14,4,Centre,333,292.56
2024-08-17,6,Meuble,73.52,0,Sud,301,0.0
2024-08-18,18,Meuble,15.32,2,Est,378,30.64
2024-08-19,19,Meuble,54.13,5,Ouest,230,270.65000000000003
2024-08-20,5,Meuble,65.18,5,Nord,247,325.90000000000003
2024-08-21,15,Alimentation,57.63,3,Est,128,172.89000000000001
2024-08-22,2,Electronique,62.73,1,Centre,460,62.73
2024-08-23,10,Vetement,51.17,3,Est,407,153.51
2024-08-24,18,Sport,35.1,2,Centre,470,70.2
2024-08-25,13,Vetement,16.06,5,Centre,261,80.3
2024-08-26,5,Vetement,37.09,1,Centre,456,37.09
2024-08-27,1,Electronique,103.56,3,Sud,439,310.68
2024-08-28,1,Electronique,40.29,3,Ouest,160,120.87
2024-08-29,18,Electronique,10.81,4,Est,224,43.24
2024-08-30,15,Meuble,64.65,2,Ouest,170,129.3
2024-08-31,17,Alimentation,67.11,2,Nord,425,134.22
2024-09-01,11,Meuble,75.75,1,Est,494,75.75
2024-09-02,17,Alimentation,59.42,0,Ouest,463,0.0
2024-09-03,13,Alimentation,66.91,2,Ouest,342,133.82
2024-09-04,1,Vetement,86.8,2,Nord,348,173.6
2024-09-05,2,Vetement,35.09,1,Centre,320,35.09
2024-09-06,9,Alimentation,31.12,5,Est,120,155.6
2024-09-07,3,Alimentation,28.11,7,Est,486,196.76999999999998
2024-09-08,1,Meuble,44.68,2,Nord,181,89.36
2024-09-09,16,Meuble,78.67,2,Centre,443,157.34
2024-09-10,6,Vetement,60.56,2,Est,466,121.12
2024-09-11,17,Electronique,59.77,1,Est,109,59.77
2024-09-12,5,Alimentation,13.61,2,Est,111,27.22
2024-09-13,5,Meuble,36.14,2,Centre,362,72.28
2024-09-14,6,Vetement,13.29,5,Nord,244,66.44999999999999
2024-09-15,3,Meuble,73.42,0,Est,291,0.0
2024-09-16,5,Alimentation,81.71,3,Ouest,349,245.13
2024-09-17,5,Alimentation,65.59,2,Centre,213,131.18
2024-09-18,10,Sport,30.26,5,Sud,125,151.3
2024-09-19,10,Electronique,79.64,3,Nord,370,238.92000000000002
2024-09-20,19,Sport,44.93,5,Ouest,132,224.65
2024-09-21,17,Vetement,25.71,6,Est,161,154.26
2024-09-22,14,Meuble,30.71,3,Sud,328,92.13
2024-09-23,9,Vetement,41.4,5,Nord,402,207.0
2024-09-24,14,Alimentation,50.99,2,Centre,194,101.98
2024-09-25,1,Sport,46.77,0,Sud,134,0.0
2024-09-26,19,Sport,21.75,6,Sud,292,130.5
2024-09-27,13,Sport,74.27,5,Ouest,175,371.34999999999997
2024-09-28,13,Vetement,46.99,3,Nord,478,140.97
2024-09-29,4,Alimentation,35.72,6,Ouest,348,214.32
2024-09-30,1,Meuble,72.21,3,Ouest,182,216.63
2024-10-01,17,Meuble,26.33,1,Est,124,26.33
2024-10-02,8,Vetement,17.42,0,Centre,156,0.0
2024-10-03,2,Sport,75.45,2,Sud,131,150.9
2024-10-04,8,Electronique,87.83,2,Nord,418,175.66
2024-10-05,7,Vetement,40.76,4,Centre,111,163.04
2024-10-06,2,Vetement,49.08,5,Centre,418,245.39999999999998
2024-10-07,3,Alimentation,27.07,1,Nord,432,27.07
2024-10-08,18,Meuble,50.11,4,Centre,191,200.44
2024-10-09,12,Vetement,40.49,3,Est,100,121.47
2024-10-10,1,Vetement,47.96,2,Centre,425,95.92
2024-10-11,12,Sport,58.19,3,Est,235,174.57
2024-10-12,5,Sport,28.04,2,Sud,295,56.08
2024-10-13,17,Electronique,42.76,3,Sud,232,128.28
2024-10-14,16,Alimentation,13.92,5,Ouest,185,69.6
2024-10-15,15,Electronique,42.9,2,Est,394,85.8
2024-10-16,15,Sport,48.13,5,Sud,378,240.65
2024-10-17,5,Meuble,54.58,1,Centre,423,54.58
2024-10-18,14,Sport,54.79,0,Nord,279,0.0
2024-10-19,2,Alimentation,68.08,4,Nord,103,272.32
2024-10-20,11,Sport,19.21,6,Est,225,115.26
2024-10-21,19,Alimentation,20.27,4,Ouest,274,81.08
2024-10-22,7,Alimentation,60.58,3,Centre,350,181.74
2024-10-23,6,Alimentation,9.22,5,Est,120,46.1
2024-10-24,2,Alimentation,53.67,2,Nord,204,107.34
2024-10-25,6,Alimentation,26.39,2,Est,165,52.78
2024-10-26,18,Meuble,81.46,2,Centre,362,162.92
2024-10-27,2,Electronique,55.01,4,Sud,148,220.04
2024-10-28,18,Vetement,45.62,3,Centre,115,136.85999999999999
2024-10-29,15,Electronique,74.55,5,Sud,244,372.75
2024-10-30,19,Alimentation,28.73,2,Sud,439,57.46
2024-10-31,2,Meuble,32.53,2,Sud,349,65.06
2024-11-01,20,Sport,24.77,3,Est,442,74.31
2024-11-02,6,Meuble,32.7,3,Nord,453,98.10000000000001
2024-11-03,1,Alimentation,51.22,4,Est,174,204.88
2024-11-04,15,Meuble,59.88,1,Nord,389,59.88
2024-11-05,10,Meuble,69.23,0,Centre,381,0.0
2024-11-06,19,Alimentation,13.51,1,Ouest,165,13.51
2024-11-07,17,Meuble,46.56,4,Centre,224,186.24
2024-11-08,5,Vetement,27.84,3,Est,418,83.52
2024-11-09,4,Vetement,45.89,4,Est,186,183.56
2024-11-10,10,Meuble,96.68,1,Nord,140,96.68
2024-11-11,17,Sport,55.84,5,Est,285,279.20000000000005
2024-11-12,10,Alimentation,67.99,3,Sud,453,203.96999999999997
2024-11-13,17,Vetement,89.21,4,Est,479,356.84
2024-11-14,20,Sport,72.55,4,Nord,434,290.2
2024-11-15,5,Meuble,41.04,4,Nord,365,164.16
2024-11-16,2,Sport,24.48,1,Sud,370,24.48
2024-11-17,6,Electronique,49.4,4,Nord,141,197.6
2024-11-18,2,Vetement,38.65,3,Ouest,192,115.94999999999999
2024-11-19,13,Meuble,19.51,2,Centre,284,39.02
2024-11-20,11,Alimentation,54.82,5,Est,314,274.1
2024-11-21,11,Meuble,55.32,4,Ouest,116,221.28
2024-11-22,16,Alimentation,85.38,3,Est,364,256.14
2024-11-23,11,Meuble,42.76,4,Ouest,213,171.04
2024-11-24,19,Sport,55.6,4,Est,391,222.4
2024-11-25,15,Sport,36.69,3,Sud,391,110.07
2024-11-26,16,Sport,67.46,1,Nord,147,67.46
2024-11-27,11,Electronique,47.51,2,Nord,406,95.02
2024-11-28,16,Alimentation,26.55,0,Sud,196,0.0
2024-11-29,8,Sport,49.73,4,Ouest,474,198.92
2024-11-30,4,Electronique,57.81,1,Centre,194,57.81
2024-12-01,8,Alimentation,55.11,5,Ouest,425,275.55
2024-12-02,4,Meuble,70.92,1,Nord,173,70.92
2024-12-03,3,Electronique,21.04,4,Centre,435,84.16
2024-12-04,3,Vetement,33.15,1,Est,167,33.15
2024-12-05,18,Electronique,62.8,6,Centre,345,376.79999999999995
2024-12-06,19,Electronique,35.49,4,Ouest,176,141.96
2024-12-07,19,Alimentation,54.81,1,Sud,307,54.81
2024-12-08,5,Meuble,1.61,3,Est,471,4.83
2024-12-09,18,Vetement,104.32,3,Ouest,353,312.96
2024-12-10,10,Sport,44.61,4,Est,320,178.44
2024-12-11,6,Sport,73.88,2,Centre,361,147.76
2024-12-12,1,Electronique,43.26,4,Nord,430,173.04
2024-12-13,5,Alimentation,58.29,3,Ouest,443,174.87
2024-12-14,9,Alimentation,79.84,3,Sud,358,239.52
2024-12-15,12,Sport,73.32,2,Centre,407,146.64
2024-12-16,14,Vetement,45.91,4,Ouest,173,183.64
2024-12-17,2,Meuble,47.29,3,Sud,224,141.87
2024-12-18,17,Vetement,70.07,1,Ouest,287,70.07
2024-12-19,14,Meuble,96.66,1,Centre,353,96.66
2024-12-20,13,Sport,53.85,2,Ouest,420,107.7
2024-12-21,9,Meuble,89.14,2,Est,407,178.28
2024-12-22,15,Alimentation,45.17,1,Centre,334,45.17
2024-12-23,15,Electronique,69.04,6,Ouest,349,414.24
2024-12-24,11,Electronique,72.02,2,Nord,431,144.04
2024-12-25,16,Sport,41.8,5,Ouest,497,209.0
2024-12-26,17,Alimentation,35.06,7,Est,444,245.42000000000002
2024-12-27,4,Vetement,72.91,5,Sud,171,364.54999999999995
2024-12-28,1,Alimentation,39.37,4,Sud,334,157.48
2024-12-29,8,Electronique,32.11,3,Sud,423,96.33
2024-12-30,17,Electronique,36.32,4,Nord,255,145.28
2024-12-31,3,Alimentation,39.29,1,Est,493,39.29
2025-01-01,20,Alimentation,67.13,2,Centre,214,134.26
2025-01-02,15,Electronique,60.3,4,Sud,412,241.2
2025-01-03,15,Vetement,64.31,1,Est,327,64.31
2025-01-04,14,Sport,58.43,4,Ouest,421,233.72
2025-01-05,14,Sport,38.12,6,Nord,445,228.71999999999997
2025-01-06,2,Alimentation,63.94,3,Est,344,191.82
2025-01-07,13,Sport,73.65,1,Est,405,73.65
2025-01-08,14,Electronique,61.69,2,Centre,113,123.38
2025-01-09,19,Electronique,58.99,4,Est,115,235.96
2025-01-10,7,Alimentation,34.66,3,Centre,141,103.97999999999999
2025-01-11,3,Alimentation,54.24,1,Nord,209,54.24
2025-01-12,15,Alimentation,33.6,7,Nord,377,235.20000000000002
2025-01-13,14,Vetement,49.52,2,Ouest,423,99.04
2025-01-14,11,Sport,17.19,5,Centre,118,85.95
2025-01-15,15,Alimentation,17.35,6,Centre,165,104.10000000000001
2025-01-16,13,Meuble,46.18,1,Sud,266,46.18
2025-01-17,18,Meuble,39.03,0,Sud,172,0.0
2025-01-18,6,Electronique,52.14,2,Ouest,499,104.28
2025-01-19,3,Sport,47.3,3,Nord,409,141.89999999999998
2025-01-20,19,Alimentation,50.6,5,Sud,211,253.0
2025-01-21,15,Meuble,62.17,0,Est,373,0.0
2025-01-22,5,Sport,40.73,0,Nord,472,0.0
2025-01-23,10,Electronique,45.61,3,Est,184,136.82999999999998
2025-01-24,7,Vetement,79.1,4,Centre,238,316.4
2025-01-25,17,Sport,50.06,3,Nord,138,150.18
2025-01-26,7,Sport,46.42,4,Ouest,204,185.68
2025-01-27,12,Vetement,51.65,3,Centre,423,154.95
2025-01-28,17,Sport,46.77,5,Centre,380,233.85000000000002
2025-01-29,13,Electronique,35.81,6,Est,222,214.86
2025-01-30,20,Electronique,30.04,3,Centre,317,90.12
2025-01-31,4,Vetement,34.73,4,Sud,476,138.92
2025-02-01,10,Alimentation,67.46,1,Nord,160,67.46
2025-02-02,3,Meuble,37.4,3,Sud,199,112.19999999999999
2025-02-03,9,Alimentation,46.9,3,Est,406,140.7
2025-02-04,13,Sport,64.01,2,Est,453,128.02
2025-02-05,18,Meuble,44.43,4,Nord,492,177.72
2025-02-06,15,Vetement,62.67,3,Centre,303,188.01
2025-02-07,4,Vetement,19.18,5,Ouest,357,95.9
2025-02-08,15,Meuble,47.35,3,Est,104,142.05
2025-02-09,2,Electronique,51.58,3,Nord,296,154.74
2025-02-10,15,Meuble,50.46,2,Ouest,279,100.92
2025-02-11,8,Sport,16.94,0,Centre,441,0.0
2025-02-12,8,Electronique,74.06,4,Est,232,296.24
2025-02-13,17,Vetement,32.91,3,Nord,423,98.72999999999999
2025-02-14,12,Meuble,56.7,2,Nord,352,113.4
2025-02-15,19,Alimentation,50.16,4,Nord,364,200.64
2025-02-16,10,Alimentation,70.07,6,Est,192,420.41999999999996
2025-02-17,9,Sport,93.75,4,Ouest,249,375.0
2025-02-18,5,Alimentation,24.19,4,Nord,237,96.76
2025-02-19,6,Meuble,37.02,2,Centre,307,74.04
2025-02-20,20,Meuble,53.78,1,Nord,224,53.78
2025-02-21,2,Alimentation,27.89,1,Ouest,333,27.89
2025-02-22,13,Meuble,65.64,1,Est,160,65.64
2025-02-23,6,Sport,66.87,4,Nord,406,267.48
2025-02-24,5,Electronique,61.19,3,Nord,365,183.57
2025-02-25,1,Sport,54.73,4,Centre,233,218.92
2025-02-26,6,Sport,77.39,4,Centre,417,309.56
2025-02-27,6,Meuble,26.89,2,Nord,212,53.78
2025-02-28,16,Electronique,51.31,6,Nord,488,307.86
2025-03-01,4,Meuble,35.22,3,Centre,477,105.66
2025-03-02,11,Vetement,67.8,1,Ouest,290,67.8
2025-03-03,9,Meuble,13.33,3,Sud,478,39.99
2025-03-04,3,Meuble,49.44,2,Sud,286,98.88
2025-03-05,19,Meuble,56.7,2,Nord,418,113.4
2025-03-06,8,Electronique,31.05,3,Centre,466,93.15
2025-03-07,5,Meuble,37.48,3,Est,188,112.44
2025-03-08,4,Electronique,50.31,3,Est,286,150.93
2025-03-09,6,Alimentation,69.1,3,Sud,406,207.29999999999998
2025-03-10,2,Vetement,29.34,6,Ouest,231,176.04
2025-03-11,20,Electronique,32.83,6,Sud,459,196.98
2025-03-12,11,Alimentation,72.51,3,Nord,222,217.53000000000003
2025-03-13,4,Electronique,44.54,3,Ouest,147,133.62
2025-03-14,15,Electronique,34.45,3,Est,387,103.35000000000001
2025-03-15,6,Vetement,64.57,2,Centre,475,129.14
2025-03-16,17,Sport,40.24,3,Centre,278,120.72
2025-03-17,6,Sport,70.55,3,Nord,279,211.64999999999998
2025-03-18,19,Electronique,36.73,3,Sud,198,110.19
2025-03-19,2,Meuble,46.81,1,Nord,429,46.81
2025-03-20,15,Alimentation,68.9,4,Centre,133,275.6
2025-03-21,11,Meuble,45.47,1,Est,169,45.47
2025-03-22,8,Meuble,65.12,4,Centre,270,260.48
2025-03-23,19,Electronique,48.69,2,Ouest,465,97.38
2025-03-24,13,Electronique,89.63,2,Centre,371,179.26
2025-03-25,12,Electronique,81.38,5,Centre,158,406.9
2025-03-26,5,Electronique,23.44,4,Ouest,280,93.76
2025-03-27,6,Sport,60.44,1,Sud,118,60.44
2025-03-28,4,Electronique,33.67,1,Centre,325,33.67
2025-03-29,19,Sport,53.83,5,Nord,194,269.15
2025-03-30,20,Sport,51.37,3,Centre,468,154.10999999999999
2025-03-31,1,Electronique,28.89,1,Nord,396,28.89
2025-04-01,20,Vetement,71.17,1,Ouest,180,71.17
2025-04-02,17,Alimentation,54.07,5,Centre,274,270.35
2025-04-03,12,Meuble,44.31,4,Ouest,321,177.24
2025-04-04,15,Sport,41.24,4,Ouest,202,164.96
2025-04-05,1,Alimentation,52.8,1,Sud,153,52.8
2025-04-06,14,Vetement,58.16,0,Centre,282,0.0
2025-04-07,6,Meuble,47.5,4,Nord,450,190.0
2025-04-08,5,Meuble,5.0,2,Nord,417,10.0
2025-04-09,11,Sport,50.34,4,Centre,454,201.36
2025-04-10,4,Electronique,21.17,1,Sud,448,21.17
2025-04-11,13,Vetement,45.81,1,Sud,420,45.81
2025-04-12,11,Sport,21.91,4,Sud,167,87.64
2025-04-13,3,Vetement,21.67,2,Nord,127,43.34
2025-04-14,1,Electronique,74.7,1,Ouest,373,74.7
2025-04-15,6,Electronique,43.6,1,Sud,381,43.6
2025-04-16,18,Sport,42.07,3,Nord,459,126.21000000000001
2025-04-17,10,Electronique,59.65,4,Nord,410,238.6
2025-04-18,5,Alimentation,42.59,2,Ouest,218,85.18
2025-04-19,10,Meuble,92.08,2,Centre,479,184.16
2025-04-20,12,Sport,44.54,4,Centre,233,178.16
2025-04-21,2,Vetement,57.3,3,Sud,228,171.89999999999998
2025-04-22,13,Alimentation,69.42,1,Sud,107,69.42
2025-04-23,8,Sport,82.05,1,Ouest,150,82.05
2025-04-24,2,Electronique,35.16,3,Sud,440,105.47999999999999
2025-04-25,20,Electronique,41.64,2,Ouest,380,83.28
2025-04-26,1,Electronique,75.49,3,Nord,274,226.46999999999997
2025-04-27,5,Electronique,66.2,2,Sud,282,132.4
2025-04-28,9,Vetement,71.5,6,Nord,291,429.0
2025-04-29,17,Alimentation,22.63,7,Est,348,158.41
2025-04-30,9,Meuble,80.96,4,Ouest,334,323.84
2025-05-01,11,Vetement,34.77,2,Est,182,69.54
2025-05-02,15,Vetement,53.85,2,Sud,192,107.7
2025-05-03,6,Meuble,47.04,0,Nord,472,0.0
2025-05-04,3,Meuble,32.43,5,Sud,493,162.15
2025-05-05,17,Electronique,21.75,2,Est,411,43.5
2025-05-06,5,Vetement,15.12,4,Sud,367,60.48
2025-05-07,12,Sport,52.38,4,Centre,219,209.52
2025-05-08,18,Meuble,19.49,4,Est,170,77.96
2025-05-09,14,Meuble,27.32,5,Sud,116,136.6
2025-05-10,11,Alimentation,45.64,3,Nord,352,136.92000000000002
2025-05-11,9,Sport,5.0,3,Sud,221,15.0
2025-05-12,2,Sport,65.58,5,Nord,479,327.9
2025-05-13,12,Meuble,1.8,4,Centre,109,7.2
2025-05-14,3,Electronique,48.45,3,Sud,386,145.35000000000002
2025-05-15,3,Alimentation,50.3,4,Centre,415,201.2
2025-05-16,1,Sport,60.76,3,Est,425,182.28
2025-05-17,8,Meuble,49.17,3,Nord,372,147.51
2025-05-18,8,Sport,90.36,4,Est,405,361.44
2025-05-19,11,Alimentation,54.33,3,Nord,392,162.99
2025-05-20,9,Alimentation,71.07,1,Centre,309,71.07
2025-05-21,5,Vetement,35.53,3,Ouest,317,106.59
2025-05-22,14,Meuble,52.42,2,Sud,340,104.84
2025-05-23,3,Alimentation,80.95,2,Centre,473,161.9
2025-05-24,5,Vetement,45.25,4,Nord,299,181.0
2025-05-25,5,Vetement,53.84,4,Nord,315,215.36
2025-05-26,19,Sport,69.62,1,Nord,304,69.62
2025-05-27,14,Sport,35.16,7,Nord,315,246.11999999999998
2025-05-28,4,Vetement,6.77,3,Sud,179,20.31
2025-05-29,13,Sport,55.11,2,Est,366,110.22
2025-05-30,10,Alimentation,69.77,6,Ouest,489,418.62
2025-05-31,18,Electronique,22.97,0,Sud,478,0.0
2025-06-01,8,Alimentation,63.4,6,Nord,134,380.4
2025-06-02,8,Vetement,63.54,3,Sud,388,190.62
2025-06-03,7,Vetement,4.53,3,Centre,117,13.59
2025-06-04,8,Alimentation,31.27,5,Nord,264,156.35
2025-06-05,14,Sport,42.08,5,Ouest,112,210.39999999999998
2025-06-06,19,Sport,46.41,2,Nord,301,92.82
2025-06-07,6,Vetement,35.14,4,Ouest,328,140.56
2025-06-08,1,Meuble,34.06,3,Ouest,445,102.18
2025-06-09,15,Sport,83.43,6,Est,465,500.58000000000004
2025-06-10,1,Alimentation,47.85,1,Est,100,47.85
2025-06-11,17,Sport,36.1,3,Sud,418,108.30000000000001
2025-06-12,1,Alimentation,49.18,5,Sud,316,245.9
2025-06-13,15,Vetement,60.74,3,Ouest,133,182.22
2025-06-14,2,Sport,51.03,2,Nord,458,102.06
2025-06-15,14,Alimentation,45.89,0,Centre,365,0.0
2025-06-16,8,Vetement,37.0,1,Centre,227,37.0
2025-06-17,8,Meuble,36.76,4,Nord,311,147.04
2025-06-18,19,Alimentation,38.04,6,Nord,362,228.24
2025-06-19,7,Meuble,56.78,2,Est,411,113.56
2025-06-20,19,Meuble,30.12,4,Centre,179,120.48
2025-06-21,6,Electronique,57.87,1,Ouest,264,57.87
2025-06-22,6,Sport,78.26,1,Sud,351,78.26
2025-06-23,3,Alimentation,56.51,9,Est,111,508.59
2025-06-24,7,Meuble,42.61,2,Centre,403,85.22
2025-06-25,19,Electronique,24.04,2,Nord,311,48.08
2025-06-26,8,Vetement,81.56,3,Centre,381,244.68
2025-06-27,10,Alimentation,26.6,4,Ouest,211,106.4
2025-06-28,20,Meuble,66.97,2,Est,310,133.94
2025-06-29,15,Sport,62.77,1,Nord,477,62.77
2025-06-30,15,Electronique,45.26,2,Ouest,338,90.52
2025-07-01,1,Meuble,44.74,1,Sud,367,44.74
2025-07-02,20,Sport,13.29,0,Est,397,0.0
2025-07-03,7,Meuble,56.6,3,Ouest,416,169.8
2025-07-04,4,Alimentation,62.4,2,Ouest,157,124.8
2025-07-05,6,Alimentation,28.22,6,Nord,133,169.32
2025-07-06,1,Alimentation,46.88,2,Sud,362,93.76
2025-07-07,5,Electronique,50.76,2,Ouest,464,101.52
2025-07-08,1,Alimentation,61.69,2,Est,134,123.38
2025-07-09,4,Sport,50.08,6,Ouest,370,300.48
2025-07-10,2,Meuble,17.47,1,Centre,326,17.47
2025-07-11,10,Vetement,39.4,4,Est,124,157.6
2025-07-12,5,Sport,54.49,4,Est,333,217.96
2025-07-13,10,Sport,66.83,2,Ouest,158,133.66
2025-07-14,1,Alimentation,37.65,3,Nord,350,112.94999999999999
2025-07-15,6,Electronique,93.75,0,Est,434,0.0
2025-07-16,13,Meuble,12.11,3,Centre,185,36.33
2025-07-17,15,Electronique,38.73,4,Nord,350,154.92
2025-07-18,4,Meuble,48.34,2,Nord,489,96.68
2025-07-19,13,Meuble,45.99,4,Nord,279,183.96
2025-07-20,20,Electronique,25.36,0,Est,306,0.0
2025-07-21,15,Sport,58.96,2,Nord,443,117.92
2025-07-22,8,Meuble,57.42,4,Ouest,248,229.68
2025-07-23,5,Electronique,50.96,4,Nord,170,203.84
2025-07-24,15,Meuble,56.64,2,Centre,220,113.28
2025-07-25,4,Vetement,41.52,3,Sud,352,124.56
2025-07-26,12,Sport,17.65,4,Centre,192,70.6
2025-07-27,13,Alimentation,35.67,4,Est,355,142.68
2025-07-28,2,Meuble,53.14,3,Nord,353,159.42000000000002
2025-07-29,19,Vetement,53.25,3,Nord,451,159.75
2025-07-30,19,Alimentation,50.83,3,Ouest,387,152.49
2025-07-31,4,Alimentation,60.97,2,Nord,408,121.94
2025-08-01,4,Meuble,38.38,3,Centre,158,115.14000000000001
2025-08-02,11,Electronique,50.53,4,Est,168,202.12
2025-08-03,5,Meuble,61.44,5,Sud,487,307.2
2025-08-04,20,Vetement,48.3,5,Nord,185,241.5
2025-08-05,11,Alimentation,25.13,1,Sud,373,25.13
2025-08-06,10,Meuble,30.77,5,Nord,326,153.85
2025-08-07,8,Electronique,66.62,4,Est,180,266.48
2025-08-08,6,Meuble,77.85,2,Centre,213,155.7
2025-08-09,6,Sport,73.51,2,Est,283,147.02
2025-08-10,8,Electronique,54.64,1,Sud,379,54.64
2025-08-11,15,Vetement,25.94,3,Nord,421,77.82000000000001
2025-08-12,14,Alimentation,49.87,5,Sud,496,249.35
2025-08-13,11,Meuble,81.25,1,Centre,417,81.25
2025-08-14,12,Electronique,62.37,2,Est,153,124.74
2025-08-15,13,Sport,45.85,3,Sud,498,137.55
2025-08-16,8,Electronique,62.57,3,Sud,296,187.71
2025-08-17,18,Sport,24.61,3,Centre,486,73.83
2025-08-18,1,Vetement,36.09,3,Nord,392,108.27000000000001
2025-08-19,15,Alimentation,28.32,5,Sud,392,141.6
2025-08-20,8,Vetement,59.39,4,Centre,486,237.56
2025-08-21,11,Meuble,64.28,3,Nord,390,192.84
2025-08-22,12,Electronique,46.92,5,Nord,279,234.60000000000002
2025-08-23,12,Sport,32.54,4,Est,479,130.16
2025-08-24,4,Sport,49.61,1,Centre,321,49.61
2025-08-25,16,Electronique,40.27,3,Nord,373,120.81
2025-08-26,4,Electronique,34.08,3,Est,477,102.24
2025-08-27,5,Meuble,56.78,1,Ouest,343,56.78
2025-08-28,5,Vetement,34.84,5,Centre,253,174.20000000000002
2025-08-29,8,Sport,18.67,3,Ouest,403,56.010000000000005
2025-08-30,10,Meuble,23.12,2,Nord,372,46.24
2025-08-31,17,Vetement,17.93,3,Centre,234,53.79
2025-09-01,9,Meuble,54.95,3,Est,412,164.85000000000002
2025-09-02,19,Sport,53.01,3,Nord,107,159.03
2025-09-03,14,Electronique,52.01,1,Centre,227,52.01
2025-09-04,8,Electronique,61.75,5,Centre,472,308.75
2025-09-05,9,Vetement,73.84,1,Ouest,155,73.84
2025-09-06,11,Alimentation,38.15,4,Nord,225,152.6
2025-09-07,1,Vetement,58.13,2,Est,258,116.26
2025-09-08,14,Alimentation,18.41,3,Est,158,55.230000000000004
2025-09-09,5,Meuble,77.57,4,Nord,157,310.28
2025-09-10,14,Meuble,25.1,3,Nord,239,75.30000000000001
2025-09-11,4,Sport,35.8,8,Sud,275,286.4
2025-09-12,1,Alimentation,38.05,2,Ouest,207,76.1
2025-09-13,19,Sport,19.47,2,Nord,310,38.94
2025-09-14,8,Electronique,50.65,1,Nord,173,50.65
2025-09-15,15,Alimentation,54.28,1,Sud,266,54.28
2025-09-16,15,Vetement,46.21,5,Sud,456,231.05
2025-09-17,9,Electronique,19.2,2,Centre,403,38.4
2025-09-18,9,Electronique,89.67,0,Est,332,0.0
2025-09-19,10,Vetement,60.98,2,Ouest,426,121.96
2025-09-20,20,Electronique,102.68,5,Centre,471,513.4000000000001
2025-09-21,9,Alimentation,33.9,4,Nord,281,135.6
2025-09-22,3,Sport,69.16,4,Sud,221,276.64
2025-09-23,20,Electronique,65.59,4,Est,433,262.36
2025-09-24,11,Alimentation,44.19,4,Centre,302,176.76
2025-09-25,6,Meuble,78.22,1,Est,128,78.22
2025-09-26,2,Alimentation,41.89,3,Sud,301,125.67
